<?xml version="1.0" encoding="UTF-8"?>
<!DOCTYPE fontscolors PUBLIC "-//NetBeans//DTD Editor Fonts and Colors settings 1.2//EN" "https://netbeans.apache.org/dtds/EditorFontsColors-1_2.dtd">
<fontscolors>
    <fontcolor default="identifier" name="identifier"/>
    <fontcolor default="field" foreColor="ffc77dbb" name="mod-field"/>
    <fontcolor default="keyword" name="mod-keyword"/>
    <fontcolor default="string" foreColor="ff6aab73" name="string"/>
    <fontcolor name="mod-public"/>
    <fontcolor default="field" name="mod-record-component"/>
    <fontcolor name="mod-unindented-text-block"/>
    <fontcolor default="method" foreColor="ff56a8f5" name="mod-method-declaration"/>
    <fontcolor default="identifier" name="mod-module-declaration">
        <font style="bold"/>
    </fontcolor>
    <fontcolor default="identifier" foreColor="ff56a8f5" name="mod-constructor-declaration"/>
    <fontcolor default="number" foreColor="ff2aacb8" name="number"/>
    <fontcolor default="char" foreColor="ff6aab73" name="character"/>
    <fontcolor default="field" name="mod-record-component-declaration"/>
    <fontcolor default="identifier" name="mod-record"/>
    <fontcolor default="comment" name="comment">
        <font name="Monospaced"/>
    </fontcolor>
    <fontcolor default="keyword" foreColor="ffcf8e6d" name="keyword"/>
    <fontcolor default="identifier" name="mod-constructor"/>
    <fontcolor default="identifier" name="mod-module"/>
    <fontcolor default="field" foreColor="ffc77dbb" name="mod-field-declaration"/>
</fontscolors>
